INSERT INTO departments (name) VALUES ('Management');
INSERT INTO departments (name) VALUES ('Tech');

INSERT INTO positions (position, salary) VALUES ('Software developer', 5600.00);
INSERT INTO positions (position, salary) VALUES ('Data analyst', 5600.00);
INSERT INTO positions (position, salary) VALUES ('Director', 7500.00);
INSERT INTO positions (position, salary) VALUES ('Human Resources', 4500.00);

INSERT INTO employees (name, email, credentials, birth_date, position_id) VALUES ('Cauê Garcia', 'caue@gmail.com', '2024-cre', '2004-11-08', 1); 
INSERT INTO employees (name, email, credentials, birth_date, position_id) VALUES ('Mical Almeida', 'micael@gmail.com', '2024-cre', '2005-08-12', 1); 
INSERT INTO employees (name, email, credentials, birth_date, position_id) VALUES ('Ana Cláudia', 'ana@gmail.com', '2024-cre', '2004-11-08', 2); 
INSERT INTO employees (name, email, credentials, birth_date, position_id) VALUES ('Enzo Rios', 'enzo@gmail.com', '2024-cre', '2003-06-17', 2); 
INSERT INTO employees (name, email, credentials, birth_date, position_id) VALUES ('Peter Parker', 'peter@gmail.com', '2024-cre', '2000-11-10', 4); 
INSERT INTO employees (name, email, credentials, birth_date, position_id) VALUES ('Max Wilson', 'max@gmail.com', '2024-cre', '1997-02-01', 4); 
INSERT INTO employees (name, email, credentials, birth_date, position_id) VALUES ('Ricardison Rios', 'ricardison@gmail.com', '2024-cre', '1999-12-12', 3);
INSERT INTO employees (name, email, credentials, birth_date, position_id) VALUES ('João Silva', 'joao@gmail.com', '2024-cre', '1998-09-15', 3);
INSERT INTO employees (name, email, credentials, birth_date, position_id) VALUES ('Maria Oliveira', 'maria@gmail.com', '2024-cre', '2001-04-20', 2);
INSERT INTO employees (name, email, credentials, birth_date, position_id) VALUES ('Antônio Santos', 'antonio@gmail.com', '2024-cre', '1995-12-05', 1);
INSERT INTO employees (name, email, credentials, birth_date, position_id) VALUES ('Carla Pereira', 'carla@gmail.com', '2024-cre', '1994-07-03', 4);
INSERT INTO employees (name, email, credentials, birth_date, position_id) VALUES ('Lucas Souza', 'lucas@gmail.com', '2024-cre', '1993-10-18', 3);
INSERT INTO employees (name, email, credentials, birth_date, position_id) VALUES ('Larissa Santos', 'larissa@gmail.com', '2024-cre', '1992-11-27', 1);
INSERT INTO employees (name, email, credentials, birth_date, position_id) VALUES ('Paulo Silva', 'paulo@gmail.com', '2024-cre', '1999-06-30', 2);
INSERT INTO employees (name, email, credentials, birth_date, position_id) VALUES ('Juliana Oliveira', 'juliana@gmail.com', '2024-cre', '2000-03-22', 4);
INSERT INTO employees (name, email, credentials, birth_date, position_id) VALUES ('Marcos Lima', 'marcos@gmail.com', '2024-cre', '1991-08-14', 3);
INSERT INTO employees (name, email, credentials, birth_date, position_id) VALUES ('Camila Santos', 'camila@gmail.com', '2024-cre', '1997-09-25', 1);
INSERT INTO employees (name, email, credentials, birth_date, position_id) VALUES ('Rafaela Alves', 'rafaela@gmail.com', '2024-cre', '1998-02-08', 2);
INSERT INTO employees (name, email, credentials, birth_date, position_id) VALUES ('Mateus Oliveira', 'mateus@gmail.com', '2024-cre', '2002-11-03', 4);
INSERT INTO employees (name, email, credentials, birth_date, position_id) VALUES ('Fernanda Silva', 'fernanda@gmail.com', '2024-cre', '1996-05-12', 3);
INSERT INTO employees (name, email, credentials, birth_date, position_id) VALUES ('Roberto Almeida', 'roberto@gmail.com', '2024-cre', '1990-07-19', 1);
INSERT INTO employees (name, email, credentials, birth_date, position_id) VALUES ('Amanda Souza', 'amanda@gmail.com', '2024-cre', '1999-12-25', 2);
INSERT INTO employees (name, email, credentials, birth_date, position_id) VALUES ('Gustavo Oliveira', 'gustavo@gmail.com', '2024-cre', '1994-08-07', 4);
INSERT INTO employees (name, email, credentials, birth_date, position_id) VALUES ('Isabela Lima', 'isabela@gmail.com', '2024-cre', '1993-03-18', 3);
INSERT INTO employees (name, email, credentials, birth_date, position_id) VALUES ('Vinícius Almeida', 'vinicius@gmail.com', '2024-cre', '2001-09-09', 1);

INSERT INTO roles (authority) VALUES ('ROLE_CEO');
INSERT INTO roles (authority) VALUES ('ROLE_EMPLOYEE');

INSERT INTO employee_role (employee_id, role_id) VALUES (1, 2);
INSERT INTO employee_role (employee_id, role_id) VALUES (2, 2);
INSERT INTO employee_role (employee_id, role_id) VALUES (3, 2);
INSERT INTO employee_role (employee_id, role_id) VALUES (4, 2);
INSERT INTO employee_role (employee_id, role_id) VALUES (5, 2);
INSERT INTO employee_role (employee_id, role_id) VALUES (6, 2);
INSERT INTO employee_role (employee_id, role_id) VALUES (7, 1);
INSERT INTO employee_role (employee_id, role_id) VALUES (7, 2);
INSERT INTO employee_role (employee_id, role_id) VALUES (8, 2);
INSERT INTO employee_role (employee_id, role_id) VALUES (9, 2);
INSERT INTO employee_role (employee_id, role_id) VALUES (10, 2);
INSERT INTO employee_role (employee_id, role_id) VALUES (11, 2);
INSERT INTO employee_role (employee_id, role_id) VALUES (12, 2);
INSERT INTO employee_role (employee_id, role_id) VALUES (13, 2);
INSERT INTO employee_role (employee_id, role_id) VALUES (14, 2);
INSERT INTO employee_role (employee_id, role_id) VALUES (15, 2);
INSERT INTO employee_role (employee_id, role_id) VALUES (16, 2);
INSERT INTO employee_role (employee_id, role_id) VALUES (17, 2);
INSERT INTO employee_role (employee_id, role_id) VALUES (18, 2);
INSERT INTO employee_role (employee_id, role_id) VALUES (19, 2);
INSERT INTO employee_role (employee_id, role_id) VALUES (20, 2);
INSERT INTO employee_role (employee_id, role_id) VALUES (21, 2);
INSERT INTO employee_role (employee_id, role_id) VALUES (22, 2);
INSERT INTO employee_role (employee_id, role_id) VALUES (23, 2);
INSERT INTO employee_role (employee_id, role_id) VALUES (24, 2);
INSERT INTO employee_role (employee_id, role_id) VALUES (25, 2);

INSERT INTO employee_department (department_id, employee_id) VALUES (2, 1);
INSERT INTO employee_department (department_id, employee_id) VALUES (2, 2);
INSERT INTO employee_department (department_id, employee_id) VALUES (2, 3);
INSERT INTO employee_department (department_id, employee_id) VALUES (2, 4);
INSERT INTO employee_department (department_id, employee_id) VALUES (1, 5);
INSERT INTO employee_department (department_id, employee_id) VALUES (1, 6);
INSERT INTO employee_department (department_id, employee_id) VALUES (1, 7);
INSERT INTO employee_department (department_id, employee_id) VALUES (2, 7);
INSERT INTO employee_department (department_id, employee_id) VALUES (2, 8);
INSERT INTO employee_department (department_id, employee_id) VALUES (2, 9);
INSERT INTO employee_department (department_id, employee_id) VALUES (2, 10);
INSERT INTO employee_department (department_id, employee_id) VALUES (1, 11);
INSERT INTO employee_department (department_id, employee_id) VALUES (1, 12);
INSERT INTO employee_department (department_id, employee_id) VALUES (1, 13);
INSERT INTO employee_department (department_id, employee_id) VALUES (2, 14);
INSERT INTO employee_department (department_id, employee_id) VALUES (1, 15);
INSERT INTO employee_department (department_id, employee_id) VALUES (1, 16);
INSERT INTO employee_department (department_id, employee_id) VALUES (1, 17);
INSERT INTO employee_department (department_id, employee_id) VALUES (2, 18);
INSERT INTO employee_department (department_id, employee_id) VALUES (1, 19);
INSERT INTO employee_department (department_id, employee_id) VALUES (1, 20);
INSERT INTO employee_department (department_id, employee_id) VALUES (2, 21);
INSERT INTO employee_department (department_id, employee_id) VALUES (2, 22);
INSERT INTO employee_department (department_id, employee_id) VALUES (1, 23);
INSERT INTO employee_department (department_id, employee_id) VALUES (1, 24);
INSERT INTO employee_department (department_id, employee_id) VALUES (1, 25);
